{"cameraMode":{"drawMode":0,"name":"Shaded","section":"Shading Mode"},"sceneLighting":true,"audioPlay":false,"sceneViewState":{"showFog":true,"showMaterialUpdate":false,"showSkybox":true,"showFlares":true,"showImageEffects":true,"showParticleSystems":true},"in2DMode":false,"pivot":{"x":33.400001525878909,"y":4.039999961853027,"z":3.0199999809265138},"rotation":{"x":0.1166740134358406,"y":0.884305477142334,"z":-0.2830689549446106,"w":0.3556613028049469},"size":4.041658401489258,"orthographic":false}